-- MySQL Script generated by MySQL Workbench
-- Thu Feb 17 10:38:46 2022
-- Model: New Model    Version: 1.0
-- MySQL Workbench Forward Engineering

SET @OLD_UNIQUE_CHECKS=@@UNIQUE_CHECKS, UNIQUE_CHECKS=0;
SET @OLD_FOREIGN_KEY_CHECKS=@@FOREIGN_KEY_CHECKS, FOREIGN_KEY_CHECKS=0;
SET @OLD_SQL_MODE=@@SQL_MODE, SQL_MODE='ONLY_FULL_GROUP_BY,STRICT_TRANS_TABLES,NO_ZERO_IN_DATE,NO_ZERO_DATE,ERROR_FOR_DIVISION_BY_ZERO,NO_ENGINE_SUBSTITUTION';

-- -----------------------------------------------------
-- Schema dlj19a
-- -----------------------------------------------------
DROP SCHEMA IF EXISTS `dlj19a` ;

-- -----------------------------------------------------
-- Schema dlj19a
-- -----------------------------------------------------
CREATE SCHEMA IF NOT EXISTS `dlj19a` DEFAULT CHARACTER SET utf8 ;
SHOW WARNINGS;
USE `dlj19a` ;

-- -----------------------------------------------------
-- Table `dlj19a`.`petstore`
-- -----------------------------------------------------
DROP TABLE IF EXISTS `dlj19a`.`petstore` ;

SHOW WARNINGS;
CREATE TABLE IF NOT EXISTS `dlj19a`.`petstore` (
  `pst_id` SMALLINT UNSIGNED NOT NULL AUTO_INCREMENT,
  `pst_name` VARCHAR(30) NOT NULL,
  `pst_street` VARCHAR(30) NOT NULL,
  `pst_city` VARCHAR(30) NOT NULL,
  `pst_state` CHAR(2) NOT NULL,
  `pst_zip` CHAR(9) NOT NULL,
  `pst_phone` BIGINT UNSIGNED NOT NULL,
  `pst_email` VARCHAR(100) NOT NULL,
  `pst_url` VARCHAR(100) NOT NULL,
  `pst_ytd_sales` DECIMAL(10,2) NOT NULL,
  `pst_notes` VARCHAR(255) NULL,
  PRIMARY KEY (`pst_id`))
ENGINE = InnoDB;

SHOW WARNINGS;

-- -----------------------------------------------------
-- Table `dlj19a`.`customer`
-- -----------------------------------------------------
DROP TABLE IF EXISTS `dlj19a`.`customer` ;

SHOW WARNINGS;
CREATE TABLE IF NOT EXISTS `dlj19a`.`customer` (
  `cus_id` SMALLINT UNSIGNED NOT NULL AUTO_INCREMENT,
  `cus_fname` VARCHAR(15) NOT NULL,
  `cus_lname` VARCHAR(30) NOT NULL,
  `cus_street` VARCHAR(30) NOT NULL,
  `cus_city` VARCHAR(30) NOT NULL,
  `cus_state` CHAR(2) NOT NULL,
  `cus_zip` CHAR(9) NOT NULL,
  `cus_phone` BIGINT UNSIGNED NOT NULL,
  `cus_email` VARCHAR(100) NOT NULL,
  `cus_balance` DECIMAL(8,2) NOT NULL,
  `cus_total_sales` DECIMAL(8,2) NOT NULL,
  `cus_notes` VARCHAR(255) NULL,
  PRIMARY KEY (`cus_id`))
ENGINE = InnoDB;

SHOW WARNINGS;

-- -----------------------------------------------------
-- Table `dlj19a`.`pet`
-- -----------------------------------------------------
DROP TABLE IF EXISTS `dlj19a`.`pet` ;

SHOW WARNINGS;
CREATE TABLE IF NOT EXISTS `dlj19a`.`pet` (
  `pet_id` SMALLINT UNSIGNED NOT NULL AUTO_INCREMENT,
  `pst_id` SMALLINT UNSIGNED NOT NULL,
  `cus_id` SMALLINT UNSIGNED NULL,
  `pet_type` VARCHAR(45) NOT NULL,
  `pet_sex` ENUM('m', 'f') NOT NULL,
  `pet_cost` DECIMAL(6,2) NOT NULL,
  `pet_price` DECIMAL(6,2) NOT NULL,
  `pet_age` TINYINT NOT NULL,
  `pet_color` VARCHAR(30) NOT NULL,
  `pet_sale_date` DATE NULL,
  `pet_vaccine` ENUM('y', 'n') NOT NULL,
  `pet_neuter` ENUM('y', 'n') NOT NULL,
  `pet_notes` VARCHAR(255) NULL,
  PRIMARY KEY (`pet_id`),
  INDEX `fk_pet_customer_idx` (`cus_id` ASC) VISIBLE,
  INDEX `fk_pet_petstore1_idx` (`pst_id` ASC) VISIBLE,
  CONSTRAINT `fk_pet_customer`
    FOREIGN KEY (`cus_id`)
    REFERENCES `dlj19a`.`customer` (`cus_id`)
    ON DELETE CASCADE
    ON UPDATE CASCADE,
  CONSTRAINT `fk_pet_petstore1`
    FOREIGN KEY (`pst_id`)
    REFERENCES `dlj19a`.`petstore` (`pst_id`)
    ON DELETE CASCADE
    ON UPDATE CASCADE)
ENGINE = InnoDB;

SHOW WARNINGS;

SET SQL_MODE=@OLD_SQL_MODE;
SET FOREIGN_KEY_CHECKS=@OLD_FOREIGN_KEY_CHECKS;
SET UNIQUE_CHECKS=@OLD_UNIQUE_CHECKS;

-- -----------------------------------------------------
-- Data for table `dlj19a`.`petstore`
-- -----------------------------------------------------
START TRANSACTION;
USE `dlj19a`;
INSERT INTO `dlj19a`.`petstore` (`pst_id`, `pst_name`, `pst_street`, `pst_city`, `pst_state`, `pst_zip`, `pst_phone`, `pst_email`, `pst_url`, `pst_ytd_sales`, `pst_notes`) VALUES (1, 'Purrfect', '222 Memphis Lane', 'Pheonix', 'AZ', '985629874', 8542132014, 'purrfect@gmail.com', 'http://www.purrfect.com', 40000, 'going in debt');
INSERT INTO `dlj19a`.`petstore` (`pst_id`, `pst_name`, `pst_street`, `pst_city`, `pst_state`, `pst_zip`, `pst_phone`, `pst_email`, `pst_url`, `pst_ytd_sales`, `pst_notes`) VALUES (2, 'Purr Palace', '988 Trickle Street', 'Sacramento', 'CA', '654126532', 9874563210, 'purrpalace@gmail.com', 'http://www.purrpalace.com', 50000, 'numbers up from last year');
INSERT INTO `dlj19a`.`petstore` (`pst_id`, `pst_name`, `pst_street`, `pst_city`, `pst_state`, `pst_zip`, `pst_phone`, `pst_email`, `pst_url`, `pst_ytd_sales`, `pst_notes`) VALUES (3, 'Pet Smart', '666 Devil Avenue', 'Tallahassee', 'FL', '874954587', 1234567891, 'petsmart@gmail.com', 'http://www.petsmart.com', 60000, 'steady numbers');
INSERT INTO `dlj19a`.`petstore` (`pst_id`, `pst_name`, `pst_street`, `pst_city`, `pst_state`, `pst_zip`, `pst_phone`, `pst_email`, `pst_url`, `pst_ytd_sales`, `pst_notes`) VALUES (4, 'Buy Neow', '235 Killer Street', 'Memphis', 'TN', '562136458', 6598745201, 'buyneow@gmail.com', 'http://www.buyneow.com', 70000, 'slowly increasing');
INSERT INTO `dlj19a`.`petstore` (`pst_id`, `pst_name`, `pst_street`, `pst_city`, `pst_state`, `pst_zip`, `pst_phone`, `pst_email`, `pst_url`, `pst_ytd_sales`, `pst_notes`) VALUES (5, 'Ruff Scenes', '845 Frosty Lane', 'Atlanta', 'GA', '321409874', 0123456789, 'ruffscenes@gmail.com', 'http://www.ruffscenes.com', 75000, 'down from last year');
INSERT INTO `dlj19a`.`petstore` (`pst_id`, `pst_name`, `pst_street`, `pst_city`, `pst_state`, `pst_zip`, `pst_phone`, `pst_email`, `pst_url`, `pst_ytd_sales`, `pst_notes`) VALUES (6, 'The Pound', '321 Fire Avenue', 'Orlando', 'FL', '032153201', 3698574123, 'thepound@gmail.com', 'http://www.thepound.com', 80000, 'steady numbers');
INSERT INTO `dlj19a`.`petstore` (`pst_id`, `pst_name`, `pst_street`, `pst_city`, `pst_state`, `pst_zip`, `pst_phone`, `pst_email`, `pst_url`, `pst_ytd_sales`, `pst_notes`) VALUES (7, 'Paw Prints', '412 Pensacola Road', 'Miami', 'FL', '987544563', 0321569874, 'pawprints@gmail.com', 'http://www.pawprints.com', 85000, 'steady numbers');
INSERT INTO `dlj19a`.`petstore` (`pst_id`, `pst_name`, `pst_street`, `pst_city`, `pst_state`, `pst_zip`, `pst_phone`, `pst_email`, `pst_url`, `pst_ytd_sales`, `pst_notes`) VALUES (8, 'Furry Buddies', '555 River Lane', 'Tampa', 'FL', '365212103', 4896523014, 'furrybuddies@gmail.com', 'http://www.furrybuddies.com', 90000, 'up from last year');
INSERT INTO `dlj19a`.`petstore` (`pst_id`, `pst_name`, `pst_street`, `pst_city`, `pst_state`, `pst_zip`, `pst_phone`, `pst_email`, `pst_url`, `pst_ytd_sales`, `pst_notes`) VALUES (9, 'Petco', '879 Rocky Road', 'Jacksonville', 'FL', '549878745', 3215647982, 'petco@gmail.com', 'http://www.petco.com', 95000, 'up from last year');
INSERT INTO `dlj19a`.`petstore` (`pst_id`, `pst_name`, `pst_street`, `pst_city`, `pst_state`, `pst_zip`, `pst_phone`, `pst_email`, `pst_url`, `pst_ytd_sales`, `pst_notes`) VALUES (10, 'Petropolis', '123 Train Street', 'Chicago', 'IL', '621454123', 3201154897, 'petropolis@gmail.com', 'http://www.petropolis.com', 1000000, '5% increase in revenue');

COMMIT;


-- -----------------------------------------------------
-- Data for table `dlj19a`.`customer`
-- -----------------------------------------------------
START TRANSACTION;
USE `dlj19a`;
INSERT INTO `dlj19a`.`customer` (`cus_id`, `cus_fname`, `cus_lname`, `cus_street`, `cus_city`, `cus_state`, `cus_zip`, `cus_phone`, `cus_email`, `cus_balance`, `cus_total_sales`, `cus_notes`) VALUES (1, 'Ciro', 'Toriello', '090 Yordle Lane', 'New York City', 'NY', '326072506', 8505558798, 'cirotoriello@gmail.com', 456.32, 1235.67, 'late payments');
INSERT INTO `dlj19a`.`customer` (`cus_id`, `cus_fname`, `cus_lname`, `cus_street`, `cus_city`, `cus_state`, `cus_zip`, `cus_phone`, `cus_email`, `cus_balance`, `cus_total_sales`, `cus_notes`) VALUES (2, 'James', 'Brown', '678 Nice Lane', 'Los Angeles', 'CA', '357113210', 8884879999, 'jamesbrown@gmail.com', 0.00, 2000.00, 'pays in full');
INSERT INTO `dlj19a`.`customer` (`cus_id`, `cus_fname`, `cus_lname`, `cus_street`, `cus_city`, `cus_state`, `cus_zip`, `cus_phone`, `cus_email`, `cus_balance`, `cus_total_sales`, `cus_notes`) VALUES (3, 'Chayce', 'Britt', '745 Truth Avenue', 'Honolulu', 'HI', '987655412', 5678945210, 'chaycebritt@gmail.com', 89.56, 984.32, 'pays in sections');
INSERT INTO `dlj19a`.`customer` (`cus_id`, `cus_fname`, `cus_lname`, `cus_street`, `cus_city`, `cus_state`, `cus_zip`, `cus_phone`, `cus_email`, `cus_balance`, `cus_total_sales`, `cus_notes`) VALUES (4, 'Bryan', 'Arius', '911 Connie Jean Road', 'Memphis', 'TN', '879652130', 0254897452, 'bryanarius@gmail.com', 78.25, 1220.00, 'late payments');
INSERT INTO `dlj19a`.`customer` (`cus_id`, `cus_fname`, `cus_lname`, `cus_street`, `cus_city`, `cus_state`, `cus_zip`, `cus_phone`, `cus_email`, `cus_balance`, `cus_total_sales`, `cus_notes`) VALUES (5, 'Daniell', 'Jackson', '690 Freeland Drive', 'Jacksonville', 'FL', '322109874', 8975210215, 'danielljackson@gmail.com', 645.23, 2050.00, 'pays on time');
INSERT INTO `dlj19a`.`customer` (`cus_id`, `cus_fname`, `cus_lname`, `cus_street`, `cus_city`, `cus_state`, `cus_zip`, `cus_phone`, `cus_email`, `cus_balance`, `cus_total_sales`, `cus_notes`) VALUES (6, 'Leilyn', 'Solomon', '789 Gray Lane', 'Tallahassee', 'FL', '323045632', 3120541892, 'lsolomon@gmail.com', 1500.00, 3000.00, 'pays on time');
INSERT INTO `dlj19a`.`customer` (`cus_id`, `cus_fname`, `cus_lname`, `cus_street`, `cus_city`, `cus_state`, `cus_zip`, `cus_phone`, `cus_email`, `cus_balance`, `cus_total_sales`, `cus_notes`) VALUES (7, 'Barry', 'Allen', '576 Dancing Rabbit Lane', 'Orlando', 'FL', '765482031', 6874120658, 'barryallen@gmail.com', 9865.50, 20000.00, 'really loves dogs');
INSERT INTO `dlj19a`.`customer` (`cus_id`, `cus_fname`, `cus_lname`, `cus_street`, `cus_city`, `cus_state`, `cus_zip`, `cus_phone`, `cus_email`, `cus_balance`, `cus_total_sales`, `cus_notes`) VALUES (8, 'Bruce', 'Wayne', '432 Circle Boulevard', 'Miami', 'FL', '876457845', 9874512065, 'notbatman@hotmail.com', 900.00, 2330.00, 'pays on time');
INSERT INTO `dlj19a`.`customer` (`cus_id`, `cus_fname`, `cus_lname`, `cus_street`, `cus_city`, `cus_state`, `cus_zip`, `cus_phone`, `cus_email`, `cus_balance`, `cus_total_sales`, `cus_notes`) VALUES (9, 'Doctor', 'Strange', '245 Oval Avenue', 'Tampa', 'FL', '231429856', 6589451203, 'multiverseofmadness@gmail.com', 500.00, 6000.00, 'late payments');
INSERT INTO `dlj19a`.`customer` (`cus_id`, `cus_fname`, `cus_lname`, `cus_street`, `cus_city`, `cus_state`, `cus_zip`, `cus_phone`, `cus_email`, `cus_balance`, `cus_total_sales`, `cus_notes`) VALUES (10, 'Peter', 'Parker', '123 Triangle Road', 'Birmingham', 'AL', '123456521', 9874521036, 'whoispeterparker@gmail.com', 653.02, 700.00, 'late payments');

COMMIT;


-- -----------------------------------------------------
-- Data for table `dlj19a`.`pet`
-- -----------------------------------------------------
START TRANSACTION;
USE `dlj19a`;
INSERT INTO `dlj19a`.`pet` (`pet_id`, `pst_id`, `cus_id`, `pet_type`, `pet_sex`, `pet_cost`, `pet_price`, `pet_age`, `pet_color`, `pet_sale_date`, `pet_vaccine`, `pet_neuter`, `pet_notes`) VALUES (1, 1, 1, 'Bulldog', 'm', 350, 425, 10, 'white/brown', '2009-05-10', 'n', 'y', 'not aggresive');
INSERT INTO `dlj19a`.`pet` (`pet_id`, `pst_id`, `cus_id`, `pet_type`, `pet_sex`, `pet_cost`, `pet_price`, `pet_age`, `pet_color`, `pet_sale_date`, `pet_vaccine`, `pet_neuter`, `pet_notes`) VALUES (2, 2, 2, 'Beagle', 'f', 150, 200, 9, 'white', '2010-08-15', 'y', 'n', 'doesnt bite');
INSERT INTO `dlj19a`.`pet` (`pet_id`, `pst_id`, `cus_id`, `pet_type`, `pet_sex`, `pet_cost`, `pet_price`, `pet_age`, `pet_color`, `pet_sale_date`, `pet_vaccine`, `pet_neuter`, `pet_notes`) VALUES (3, 3, 3, 'Dachshund', 'm', 400, 485, 8, 'black', '2007-03-10', 'n', 'y', '2x championship winner');
INSERT INTO `dlj19a`.`pet` (`pet_id`, `pst_id`, `cus_id`, `pet_type`, `pet_sex`, `pet_cost`, `pet_price`, `pet_age`, `pet_color`, `pet_sale_date`, `pet_vaccine`, `pet_neuter`, `pet_notes`) VALUES (4, 4, 4, 'Boston Terrier', 'm', 500, 650, 7, 'black', '2017-06-23', 'y', 'n', 'active');
INSERT INTO `dlj19a`.`pet` (`pet_id`, `pst_id`, `cus_id`, `pet_type`, `pet_sex`, `pet_cost`, `pet_price`, `pet_age`, `pet_color`, `pet_sale_date`, `pet_vaccine`, `pet_neuter`, `pet_notes`) VALUES (5, 5, 5, 'Golden Retriever', 'm', 320, 360, 6, 'brown', '2018-05-07', 'n', 'y', 'quite barks');
INSERT INTO `dlj19a`.`pet` (`pet_id`, `pst_id`, `cus_id`, `pet_type`, `pet_sex`, `pet_cost`, `pet_price`, `pet_age`, `pet_color`, `pet_sale_date`, `pet_vaccine`, `pet_neuter`, `pet_notes`) VALUES (6, 6, 6, 'Siberian Husky', 'f', 850, 900, 5, 'white/black', '2011-09-27', 'y', 'n', 'a cuddler');
INSERT INTO `dlj19a`.`pet` (`pet_id`, `pst_id`, `cus_id`, `pet_type`, `pet_sex`, `pet_cost`, `pet_price`, `pet_age`, `pet_color`, `pet_sale_date`, `pet_vaccine`, `pet_neuter`, `pet_notes`) VALUES (7, 7, 7, 'Poodle', 'f', 900, 965, 4, 'black', '2015-09-10', 'n', 'n', 'friendly');
INSERT INTO `dlj19a`.`pet` (`pet_id`, `pst_id`, `cus_id`, `pet_type`, `pet_sex`, `pet_cost`, `pet_price`, `pet_age`, `pet_color`, `pet_sale_date`, `pet_vaccine`, `pet_neuter`, `pet_notes`) VALUES (8, 8, 8, 'Basset Hound', 'f', 450, 500, 3, 'brown', '2003-02-14', 'y', 'n', 'bites');
INSERT INTO `dlj19a`.`pet` (`pet_id`, `pst_id`, `cus_id`, `pet_type`, `pet_sex`, `pet_cost`, `pet_price`, `pet_age`, `pet_color`, `pet_sale_date`, `pet_vaccine`, `pet_neuter`, `pet_notes`) VALUES (9, 9, 9, 'Great Dane', 'm', 520, 600, 2, 'brown', '2020-04-01', 'n', 'y', 'barks loud');
INSERT INTO `dlj19a`.`pet` (`pet_id`, `pst_id`, `cus_id`, `pet_type`, `pet_sex`, `pet_cost`, `pet_price`, `pet_age`, `pet_color`, `pet_sale_date`, `pet_vaccine`, `pet_neuter`, `pet_notes`) VALUES (10, 10, 10, 'German Shepard', 'm', 325, 400, 1, 'brown', '2009-08-23', 'y', 'n', 'scared of the dark');

COMMIT;

